{"obo_mtime": 1752858151.2516277, "last_loaded": 1774551832.7119608}